,url
0,https://brand.naver.com/starbucks/products/5897551041
1,https://brand.naver.com/starbucks/products/5855354962
2,https://brand.naver.com/starbucks/products/5863879959
3,https://brand.naver.com/starbucks/products/5862932892
4,https://brand.naver.com/starbucks/products/5862943533
5,https://brand.naver.com/starbucks/products/5852348298
6,https://brand.naver.com/starbucks/products/6052815683
7,https://brand.naver.com/starbucks/products/6052831050
8,https://brand.naver.com/starbucks/products/5852331409
9,https://brand.naver.com/starbucks/products/5863795078
10,https://brand.naver.com/starbucks/products/5855384791
11,https://brand.naver.com/starbucks/products/5855320557
12,https://brand.naver.com/starbucks/products/5855470287
13,https://brand.naver.com/starbucks/products/5855462971
14,https://brand.naver.com/starbucks/products/5960447814
15,https://brand.naver.com/starbucks/products/5862951204
16,https://brand.naver.com/starbucks/products/5855372178
17,https://brand.naver.com/starbucks/products/6052900391
18,https://brand.naver.com/starbucks/products/5852339886
19,https://brand.naver.com/starbucks/products/5915359906
20,https://brand.naver.com/starbucks/products/5960428553
21,https://brand.naver.com/starbucks/products/5855362873
22,https://brand.naver.com/starbucks/products/5878455875
23,https://brand.naver.com/starbucks/products/5855479651
24,https://brand.naver.com/starbucks/products/5852269647
25,https://brand.naver.com/starbucks/products/6196832671
26,https://brand.naver.com/starbucks/products/5855432108
27,https://brand.naver.com/starbucks/products/5862920382
28,https://brand.naver.com/starbucks/products/5862964419
29,https://brand.naver.com/starbucks/products/6040819428
30,https://brand.naver.com/starbucks/products/6196809150
31,https://brand.naver.com/starbucks/products/5852424826
32,https://brand.naver.com/starbucks/products/6136564670
33,https://brand.naver.com/starbucks/products/6052854271
34,https://brand.naver.com/starbucks/products/5872967895
35,https://brand.naver.com/starbucks/products/6158143961
36,https://brand.naver.com/starbucks/products/5855411091
37,https://brand.naver.com/starbucks/products/5855397584
38,https://brand.naver.com/starbucks/products/6136589072
39,https://brand.naver.com/starbucks/products/5862954879
40,https://brand.naver.com/starbucks/products/5915607629
41,https://brand.naver.com/starbucks/products/6053502359
42,https://brand.naver.com/starbucks/products/5872977852
43,https://brand.naver.com/starbucks/products/6158139100
44,https://brand.naver.com/starbucks/products/5956222189
45,https://brand.naver.com/starbucks/products/5852419684
46,https://brand.naver.com/starbucks/products/6053499418
47,https://brand.naver.com/starbucks/products/6025954667
48,https://brand.naver.com/starbucks/products/5878466191
49,https://brand.naver.com/starbucks/products/6130001723
